CookerStat, GenerateAssetRegistry=0.025980, Initialize=0.138227, RunGuid=RunID878AAFA54E37BAC47FE9B8B2DA1D48AF
SavePackageTransactionIdBF2495EE4DF4CB2893DDAC92B50AD731_0, Filename=../../../../../../Users/Ross/documents/Unreal Projects/LipSyncExample/Content/ThirdPersonBP/VisemeGen.uasset, AutoPackageBackupDelegate=5.406178, FlushAsyncLoading=0.010327, FlushStreamingFunc=0.029977, BlockTillAllRequestsFinished=0.004329, ResetLoadersForSaveUnMarkAllObjects=0.302102, TagPackageExports=9.318176, BeginCacheForCookedPlatformData=0.002995, SerializeImports=10.155868, GatherLocalizableTextData=7.052586, MarkNames=0.074942, SerializeSummary=0.019982, SerializeNames=0.346404, SerializeGatherableTextData=0.074942, BuildExportMap=0.226159, SortExportsNonSeekfree=1.042865, SortExportsSeekfreeConstructor=0.087932, SortExportsSeekfreeInner=13.660845, SortExportsSeekfree=0.007328, BuildDependencyMap=0.081271, SerializeImportMap=0.024647, SerializeExportMap=0.042636, SerializeDependencyMap=0.010327, SerializeStringAssetReferenceMap=0.002332, SaveThumbNailsAssetRegistryDataWorldLevelInfo=9.308848, SerializeExports=11.889536, SerializeBulkData=0.027314, MoveFile=5.230315, UnaccountedTime=2.692599, RunGuid=RunID878AAFA54E37BAC47FE9B8B2DA1D48AF
SavePackageTransactionIdBF2495EE4DF4CB2893DDAC92B50AD731_1, Filename=../../../../../../Users/Ross/documents/Unreal Projects/LipSyncExample/Content/ThirdPersonBP/VisemeGen.uasset, AutoPackageBackupDelegate=0.375379, FlushAsyncLoading=0.002999, FlushStreamingFunc=0.130232, BlockTillAllRequestsFinished=0.004329, ResetLoadersForSaveUnMarkAllObjects=0.140227, TagPackageExports=7.516894, BeginCacheForCookedPlatformData=0.005331, SerializeImports=8.242003, GatherLocalizableTextData=7.220455, MarkNames=0.049293, SerializeSummary=0.014655, SerializeNames=0.299104, SerializeGatherableTextData=0.071615, BuildExportMap=0.204507, SortExportsNonSeekfree=0.727441, SortExportsSeekfreeConstructor=0.061288, SortExportsSeekfreeInner=12.557686, SortExportsSeekfree=0.004999, BuildDependencyMap=0.070609, SerializeImportMap=0.019986, SerializeExportMap=0.037305, SerializeDependencyMap=0.013322, SerializeStringAssetReferenceMap=0.002332, SaveThumbNailsAssetRegistryDataWorldLevelInfo=9.720869, SerializeExports=10.328066, SerializeBulkData=0.010658, MoveFile=5.250633, UnaccountedTime=1.185756, RunGuid=RunID878AAFA54E37BAC47FE9B8B2DA1D48AF
SavePackageTransactionIdBF2495EE4DF4CB2893DDAC92B50AD731_2, Filename=../../../../../../Users/Ross/documents/Unreal Projects/LipSyncExample/Content/ThirdPersonBP/VisemeGen.uasset, AutoPackageBackupDelegate=0.382375, FlushAsyncLoading=0.002999, FlushStreamingFunc=0.041634, BlockTillAllRequestsFinished=0.004329, ResetLoadersForSaveUnMarkAllObjects=0.140890, TagPackageExports=7.031601, BeginCacheForCookedPlatformData=0.002664, SerializeImports=8.165397, GatherLocalizableTextData=7.341359, MarkNames=0.058956, SerializeSummary=0.016987, SerializeNames=0.309762, SerializeGatherableTextData=0.077941, BuildExportMap=0.209507, SortExportsNonSeekfree=0.725776, SortExportsSeekfreeConstructor=0.069279, SortExportsSeekfreeInner=12.778521, SortExportsSeekfree=0.005994, BuildDependencyMap=0.070613, SerializeImportMap=0.019319, SerializeExportMap=0.036970, SerializeDependencyMap=0.013325, SerializeStringAssetReferenceMap=0.002995, SaveThumbNailsAssetRegistryDataWorldLevelInfo=8.996092, SerializeExports=9.625275, SerializeBulkData=0.009660, MoveFile=5.106077, UnaccountedTime=1.218732, RunGuid=RunID878AAFA54E37BAC47FE9B8B2DA1D48AF
SavePackageTransactionIdBF2495EE4DF4CB2893DDAC92B50AD731_3, Filename=../../../../../../Users/Ross/documents/Unreal Projects/LipSyncExample/Content/ThirdPersonBP/VisemeGen.uasset, AutoPackageBackupDelegate=0.371713, FlushAsyncLoading=0.002999, FlushStreamingFunc=0.078272, BlockTillAllRequestsFinished=0.003997, ResetLoadersForSaveUnMarkAllObjects=0.139225, TagPackageExports=7.300727, BeginCacheForCookedPlatformData=0.005327, SerializeImports=8.361246, GatherLocalizableTextData=7.328372, MarkNames=0.047963, SerializeSummary=0.014320, SerializeNames=0.289112, SerializeGatherableTextData=0.069614, BuildExportMap=0.209503, SortExportsNonSeekfree=0.727776, SortExportsSeekfreeConstructor=0.060286, SortExportsSeekfreeInner=12.356508, SortExportsSeekfree=0.005998, BuildDependencyMap=0.070278, SerializeImportMap=0.018988, SerializeExportMap=0.036638, SerializeDependencyMap=0.012990, SerializeStringAssetReferenceMap=0.002664, SaveThumbNailsAssetRegistryDataWorldLevelInfo=9.084355, SerializeExports=9.720202, SerializeBulkData=0.007328, MoveFile=5.049788, UnaccountedTime=1.040869, RunGuid=RunID878AAFA54E37BAC47FE9B8B2DA1D48AF
DDCTransactionId6B5A385A4D36FBF453F9A89581714027_0, PutCachedData=, CacheKey=REFL_FULL_0C6693969CB849AE9F4120FF5812F4D2_C08247164CF51AA7FF9FA8AD8CA4310B, StartTime=2016.06.09-13.52.55, HierarchicalDDC=, DataSize=162766, Duration=5.066775, RunGuid=RunID878AAFA54E37BAC47FE9B8B2DA1D48AF
SavePackageTransactionIdBF2495EE4DF4CB2893DDAC92B50AD731_4, Filename=../../../../../../Users/Ross/documents/Unreal Projects/LipSyncExample/Content/LipSyncMap.umap, AutoPackageBackupDelegate=3.912661, FlushAsyncLoading=0.009991, FlushStreamingFunc=0.065286, BlockTillAllRequestsFinished=0.006992, ResetLoadersForSaveUnMarkAllObjects=0.168204, TagPackageExports=0.236485, BeginCacheForCookedPlatformData=0.002664, SerializeImports=0.767413, GatherLocalizableTextData=2.772868, MarkNames=0.023317, SerializeSummary=0.012323, SerializeNames=0.145555, SerializeGatherableTextData=0.081606, BuildExportMap=0.089929, SortExportsNonSeekfree=0.042636, SortExportsSeekfreeConstructor=0.064950, SortExportsSeekfreeInner=8.562092, SortExportsSeekfree=0.004660, BuildDependencyMap=0.026979, SerializeImportMap=0.010990, SerializeExportMap=0.008661, SerializeDependencyMap=0.002332, SerializeStringAssetReferenceMap=0.001330, SaveThumbNailsAssetRegistryDataWorldLevelInfo=0.432003, SerializeExports=0.772405, SerializeBulkData=0.006329, MoveFile=4.123833, UnaccountedTime=1.019884, RunGuid=RunID878AAFA54E37BAC47FE9B8B2DA1D48AF
DDCTransactionId6B5A385A4D36FBF453F9A89581714027_1, PutCachedData=, CacheKey=REFL_FULL_0C6693969CB849AE9F4120FF5812F4D2_CE73BFF54F195AA7A072279826CD2E6C, StartTime=2016.06.09-13.53.41, HierarchicalDDC=, DataSize=162766, Duration=5.187016, RunGuid=RunID878AAFA54E37BAC47FE9B8B2DA1D48AF
DDCTransactionId9047FBD34028C5B4524944997170607A_0, PutCachedData=, CacheKey=STATICMESH_37403C6FB9441A6992E4CB614156E6A_8C68575CEF434CA8A9E1DA4AED8A47BB_5C__8B1B3FB25A48514ADBFAAA818342DBAD9ED65B80, StartTime=2016.06.09-13.57.59, HierarchicalDDC=, DataSize=24137, Duration=5.766906, RunGuid=RunID878AAFA54E37BAC47FE9B8B2DA1D48AF
DDCTransactionId6BCDD6194E0BFA39A65E7E8955C7111B_0, PutCachedData=, CacheKey=PhysX_1D9C17C451EA4FB88CB7A27536A65DB0_PhysXPC_566682F14E0BF4B0933C3F9464C48A4__F375C2DB296C2673CEE23B53C01E35C27560B820, StartTime=2016.06.09-13.57.59, HierarchicalDDC=, DataSize=7148, Duration=4.580483, RunGuid=RunID878AAFA54E37BAC47FE9B8B2DA1D48AF
DDCTransactionId6B5A385A4D36FBF453F9A89581714027_2, PutCachedData=, CacheKey=PhysX_1D9C17C451EA4FB88CB7A27536A65DB0_PhysXPC_B118073E41B586B08554C5BE9373031__EC32EE46A5F81C8E4CFABEFD07392A89B0AAE12B, StartTime=2016.06.09-13.57.59, HierarchicalDDC=, DataSize=9422, Duration=4.699726, RunGuid=RunID878AAFA54E37BAC47FE9B8B2DA1D48AF
DDCTransactionId6B5A385A4D36FBF453F9A89581714027_3, PutCachedData=, CacheKey=PhysX_1D9C17C451EA4FB88CB7A27536A65DB0_PhysXPC_F71D16CF4C623E25E15EB9919C0F028__769A89DB9F24DE42161A16EA1CB20C3F61282ADC, StartTime=2016.06.09-13.58.08, HierarchicalDDC=, DataSize=7148, Duration=5.760908, RunGuid=RunID878AAFA54E37BAC47FE9B8B2DA1D48AF
SavePackageTransactionIdBF2495EE4DF4CB2893DDAC92B50AD731_5, Filename=../../../../../../Users/Ross/documents/Unreal Projects/LipSyncExample/Content/ThirdPersonBP/eyes.uasset, AutoPackageBackupDelegate=0.134230, FlushAsyncLoading=0.004999, FlushStreamingFunc=0.118908, BlockTillAllRequestsFinished=0.006661, ResetLoadersForSaveUnMarkAllObjects=0.152219, TagPackageExports=0.045296, BeginCacheForCookedPlatformData=0.002000, SerializeImports=0.494618, GatherLocalizableTextData=0.174202, MarkNames=0.006992, SerializeSummary=0.011325, SerializeNames=0.061288, SerializeGatherableTextData=0.001330, BuildExportMap=0.019651, SortExportsNonSeekfree=0.007331, SortExportsSeekfreeConstructor=0.008993, SortExportsSeekfreeInner=0.832692, SortExportsSeekfree=0.004329, BuildDependencyMap=0.007994, SerializeImportMap=0.007994, SerializeExportMap=0.004996, SerializeDependencyMap=0.001334, SerializeStringAssetReferenceMap=0.001334, SaveThumbNailsAssetRegistryDataWorldLevelInfo=8.381560, SerializeExports=0.211503, SerializeBulkData=0.037640, MoveFile=5.747918, UnaccountedTime=2.781198, RunGuid=RunID878AAFA54E37BAC47FE9B8B2DA1D48AF
SavePackageTransactionIdBF2495EE4DF4CB2893DDAC92B50AD731_6, Filename=../../../../../../Users/Ross/documents/Unreal Projects/LipSyncExample/Content/ThirdPersonBP/VisemeGen.uasset, AutoPackageBackupDelegate=5.325910, FlushAsyncLoading=0.008326, FlushStreamingFunc=0.036638, BlockTillAllRequestsFinished=0.004996, ResetLoadersForSaveUnMarkAllObjects=0.160545, TagPackageExports=7.843643, BeginCacheForCookedPlatformData=0.003666, SerializeImports=9.933702, GatherLocalizableTextData=5.988400, MarkNames=0.052962, SerializeSummary=0.014655, SerializeNames=0.311427, SerializeGatherableTextData=0.061285, BuildExportMap=0.204176, SortExportsNonSeekfree=0.636179, SortExportsSeekfreeConstructor=0.060622, SortExportsSeekfreeInner=13.704806, SortExportsSeekfree=0.005994, BuildDependencyMap=0.068616, SerializeImportMap=0.017654, SerializeExportMap=0.036638, SerializeDependencyMap=0.008330, SerializeStringAssetReferenceMap=0.001997, SaveThumbNailsAssetRegistryDataWorldLevelInfo=9.620942, SerializeExports=9.960354, SerializeBulkData=0.006661, MoveFile=5.385198, UnaccountedTime=1.134463, RunGuid=RunID878AAFA54E37BAC47FE9B8B2DA1D48AF
SavePackageTransactionIdBF2495EE4DF4CB2893DDAC92B50AD731_7, Filename=../../../../../../Users/Ross/documents/Unreal Projects/LipSyncExample/Content/ThirdPersonBP/VisemeGen.uasset, AutoPackageBackupDelegate=0.428002, FlushAsyncLoading=0.002999, FlushStreamingFunc=0.068948, BlockTillAllRequestsFinished=0.004329, ResetLoadersForSaveUnMarkAllObjects=0.139896, TagPackageExports=6.904364, BeginCacheForCookedPlatformData=0.002664, SerializeImports=7.767368, GatherLocalizableTextData=5.951096, MarkNames=0.054628, SerializeSummary=0.014655, SerializeNames=0.339739, SerializeGatherableTextData=0.060286, BuildExportMap=0.203177, SortExportsNonSeekfree=0.675812, SortExportsSeekfreeConstructor=0.062954, SortExportsSeekfreeInner=13.254154, SortExportsSeekfree=0.005994, BuildDependencyMap=0.109583, SerializeImportMap=0.018988, SerializeExportMap=0.040967, SerializeDependencyMap=0.008330, SerializeStringAssetReferenceMap=0.002332, SaveThumbNailsAssetRegistryDataWorldLevelInfo=10.091580, SerializeExports=10.047950, SerializeBulkData=0.007328, MoveFile=5.314920, UnaccountedTime=1.077503, RunGuid=RunID878AAFA54E37BAC47FE9B8B2DA1D48AF
DDCTransactionId6B5A385A4D36FBF453F9A89581714027_4, PutCachedData=, CacheKey=REFL_FULL_0C6693969CB849AE9F4120FF5812F4D2_478D578F45DC2B55A9275BADA75F7F95, StartTime=2016.06.09-14.00.55, HierarchicalDDC=, DataSize=162766, Duration=5.562059, RunGuid=RunID878AAFA54E37BAC47FE9B8B2DA1D48AF
SavePackageTransactionIdBF2495EE4DF4CB2893DDAC92B50AD731_8, Filename=../../../../../../Users/Ross/documents/Unreal Projects/LipSyncExample/Content/ThirdPersonBP/VisemeGen.uasset, AutoPackageBackupDelegate=5.105749, FlushAsyncLoading=0.009656, FlushStreamingFunc=0.044636, BlockTillAllRequestsFinished=0.004660, ResetLoadersForSaveUnMarkAllObjects=0.160210, TagPackageExports=7.304720, BeginCacheForCookedPlatformData=0.002999, SerializeImports=8.009848, GatherLocalizableTextData=6.218225, MarkNames=0.057291, SerializeSummary=0.014655, SerializeNames=0.303768, SerializeGatherableTextData=0.070609, BuildExportMap=0.206176, SortExportsNonSeekfree=0.634845, SortExportsSeekfreeConstructor=0.065617, SortExportsSeekfreeInner=12.931403, SortExportsSeekfree=0.005662, BuildDependencyMap=0.071276, SerializeImportMap=0.017319, SerializeExportMap=0.036307, SerializeDependencyMap=0.012990, SerializeStringAssetReferenceMap=0.002664, SaveThumbNailsAssetRegistryDataWorldLevelInfo=9.064704, SerializeExports=9.460401, SerializeBulkData=0.006665, MoveFile=5.281277, UnaccountedTime=1.181759, RunGuid=RunID878AAFA54E37BAC47FE9B8B2DA1D48AF
SavePackageTransactionIdBF2495EE4DF4CB2893DDAC92B50AD731_9, Filename=../../../../../../Users/Ross/documents/Unreal Projects/LipSyncExample/Content/LipSyncMap.umap, AutoPackageBackupDelegate=3.991935, FlushAsyncLoading=0.006661, FlushStreamingFunc=0.063952, BlockTillAllRequestsFinished=0.004664, ResetLoadersForSaveUnMarkAllObjects=0.157211, TagPackageExports=0.252474, BeginCacheForCookedPlatformData=0.002664, SerializeImports=0.765413, GatherLocalizableTextData=2.941072, MarkNames=0.024982, SerializeSummary=0.012990, SerializeNames=0.138894, SerializeGatherableTextData=0.080939, BuildExportMap=0.098590, SortExportsNonSeekfree=0.047296, SortExportsSeekfreeConstructor=0.066616, SortExportsSeekfreeInner=9.120330, SortExportsSeekfree=0.003997, BuildDependencyMap=0.028975, SerializeImportMap=0.011660, SerializeExportMap=0.008658, SerializeDependencyMap=0.002664, SerializeStringAssetReferenceMap=0.001665, SaveThumbNailsAssetRegistryDataWorldLevelInfo=0.444993, SerializeExports=0.823699, SerializeBulkData=0.006661, MoveFile=3.690500, UnaccountedTime=0.902306, RunGuid=RunID878AAFA54E37BAC47FE9B8B2DA1D48AF
SavePackageTransactionIdBF2495EE4DF4CB2893DDAC92B50AD731_10, Filename=../../../../../../Users/Ross/documents/Unreal Projects/LipSyncExample/Content/ThirdPersonBP/VisemeGenBP.uasset, AutoPackageBackupDelegate=0.145219, FlushAsyncLoading=0.004999, FlushStreamingFunc=0.030641, BlockTillAllRequestsFinished=0.004333, ResetLoadersForSaveUnMarkAllObjects=0.208173, TagPackageExports=7.805340, BeginCacheForCookedPlatformData=0.002999, SerializeImports=8.695319, GatherLocalizableTextData=5.959090, MarkNames=0.052962, SerializeSummary=0.013322, SerializeNames=0.354063, SerializeGatherableTextData=0.059951, BuildExportMap=0.205509, SortExportsNonSeekfree=0.735767, SortExportsSeekfreeConstructor=0.060953, SortExportsSeekfreeInner=14.098175, SortExportsSeekfree=0.005327, BuildDependencyMap=0.072278, SerializeImportMap=0.018653, SerializeExportMap=0.037968, SerializeDependencyMap=0.007991, SerializeStringAssetReferenceMap=0.002332, SaveThumbNailsAssetRegistryDataWorldLevelInfo=9.728529, SerializeExports=10.225482, SerializeBulkData=0.007994, MoveFile=5.182687, UnaccountedTime=1.154114, RunGuid=RunID878AAFA54E37BAC47FE9B8B2DA1D48AF
SavePackageTransactionIdBF2495EE4DF4CB2893DDAC92B50AD731_11, Filename=../../../../../../Users/Ross/documents/Unreal Projects/LipSyncExample/Content/ThirdPersonBP/VisemeGen.uasset, AutoPackageBackupDelegate=0.472639, FlushAsyncLoading=0.003330, FlushStreamingFunc=0.150215, BlockTillAllRequestsFinished=0.005331, ResetLoadersForSaveUnMarkAllObjects=0.143558, TagPackageExports=0.014324, BeginCacheForCookedPlatformData=0.000998, SerializeImports=0.424340, GatherLocalizableTextData=0.017654, MarkNames=0.006661, SerializeSummary=0.008661, SerializeNames=0.017319, SerializeGatherableTextData=0.001334, BuildExportMap=0.017986, SortExportsNonSeekfree=0.008661, SortExportsSeekfreeConstructor=0.010658, SortExportsSeekfreeInner=1.268026, SortExportsSeekfree=0.003330, BuildDependencyMap=0.007994, SerializeImportMap=0.064615, SerializeExportMap=0.022318, SerializeDependencyMap=0.001334, SerializeStringAssetReferenceMap=0.001665, SaveThumbNailsAssetRegistryDataWorldLevelInfo=0.041302, SerializeExports=0.007994, SerializeBulkData=0.004664, MoveFile=3.560930, UnaccountedTime=0.949938, RunGuid=RunID878AAFA54E37BAC47FE9B8B2DA1D48AF
SavePackageTransactionIdBF2495EE4DF4CB2893DDAC92B50AD731_12, Filename=../../../../../../Users/Ross/documents/Unreal Projects/LipSyncExample/Content/ThirdPersonBP/BP_VisemeGen.uasset, AutoPackageBackupDelegate=0.090264, FlushAsyncLoading=0.004996, FlushStreamingFunc=0.123240, BlockTillAllRequestsFinished=0.006326, ResetLoadersForSaveUnMarkAllObjects=0.213172, TagPackageExports=7.151507, BeginCacheForCookedPlatformData=0.002999, SerializeImports=7.952228, GatherLocalizableTextData=5.726933, MarkNames=0.052627, SerializeSummary=0.013988, SerializeNames=0.289444, SerializeGatherableTextData=0.060953, BuildExportMap=0.204843, SortExportsNonSeekfree=0.739098, SortExportsSeekfreeConstructor=0.059955, SortExportsSeekfreeInner=13.089948, SortExportsSeekfree=0.005331, BuildDependencyMap=0.069279, SerializeImportMap=0.020981, SerializeExportMap=0.036974, SerializeDependencyMap=0.007994, SerializeStringAssetReferenceMap=0.002332, SaveThumbNailsAssetRegistryDataWorldLevelInfo=9.202600, SerializeExports=10.557890, SerializeBulkData=0.012994, MoveFile=4.906897, UnaccountedTime=1.120143, RunGuid=RunID878AAFA54E37BAC47FE9B8B2DA1D48AF
SavePackageTransactionIdBF2495EE4DF4CB2893DDAC92B50AD731_13, Filename=../../../../../../Users/Ross/documents/Unreal Projects/LipSyncExample/Content/ThirdPersonBP/VisemeGen.uasset, AutoPackageBackupDelegate=0.465643, FlushAsyncLoading=0.002995, FlushStreamingFunc=0.162877, BlockTillAllRequestsFinished=0.005662, ResetLoadersForSaveUnMarkAllObjects=0.257801, TagPackageExports=0.013325, BeginCacheForCookedPlatformData=0.001330, SerializeImports=0.402026, GatherLocalizableTextData=0.017654, MarkNames=0.006661, SerializeSummary=0.010327, SerializeNames=0.016652, SerializeGatherableTextData=0.001665, BuildExportMap=0.017323, SortExportsNonSeekfree=0.008658, SortExportsSeekfreeConstructor=0.067614, SortExportsSeekfreeInner=1.212072, SortExportsSeekfree=0.002995, BuildDependencyMap=0.007994, SerializeImportMap=0.063282, SerializeExportMap=0.024315, SerializeDependencyMap=0.000998, SerializeStringAssetReferenceMap=0.001669, SaveThumbNailsAssetRegistryDataWorldLevelInfo=0.039969, SerializeExports=0.007994, SerializeBulkData=0.003997, MoveFile=3.613558, UnaccountedTime=0.082936, RunGuid=RunID878AAFA54E37BAC47FE9B8B2DA1D48AF
SavePackageTransactionIdBF2495EE4DF4CB2893DDAC92B50AD731_14, Filename=../../../../../../Users/Ross/documents/Unreal Projects/LipSyncExample/Content/ThirdPersonBP/Mat_Girlhead.uasset, AutoPackageBackupDelegate=0.075608, FlushAsyncLoading=0.004333, FlushStreamingFunc=0.031974, BlockTillAllRequestsFinished=0.003330, ResetLoadersForSaveUnMarkAllObjects=0.181194, TagPackageExports=0.042964, BeginCacheForCookedPlatformData=0.002000, SerializeImports=0.445992, GatherLocalizableTextData=0.353727, MarkNames=0.006996, SerializeSummary=0.010658, SerializeNames=0.034638, SerializeGatherableTextData=0.004664, BuildExportMap=0.021316, SortExportsNonSeekfree=0.008326, SortExportsSeekfreeConstructor=0.009328, SortExportsSeekfreeInner=0.509609, SortExportsSeekfree=0.003330, BuildDependencyMap=0.008326, SerializeImportMap=0.007328, SerializeExportMap=0.004996, SerializeDependencyMap=0.001334, SerializeStringAssetReferenceMap=0.001665, SaveThumbNailsAssetRegistryDataWorldLevelInfo=12.484412, SerializeExports=0.155546, SerializeBulkData=0.005998, MoveFile=4.341997, UnaccountedTime=0.884321, RunGuid=RunID878AAFA54E37BAC47FE9B8B2DA1D48AF
SavePackageTransactionIdBF2495EE4DF4CB2893DDAC92B50AD731_15, Filename=../../../../../../Users/Ross/documents/Unreal Projects/LipSyncExample/Content/ThirdPersonBP/head-girl.uasset, AutoPackageBackupDelegate=4.258398, FlushAsyncLoading=0.010658, FlushStreamingFunc=0.031974, BlockTillAllRequestsFinished=0.004329, ResetLoadersForSaveUnMarkAllObjects=0.342071, TagPackageExports=0.623189, BeginCacheForCookedPlatformData=0.002332, SerializeImports=1.121804, GatherLocalizableTextData=0.170205, MarkNames=0.011325, SerializeSummary=0.010658, SerializeNames=0.075608, SerializeGatherableTextData=0.001330, BuildExportMap=0.028979, SortExportsNonSeekfree=0.083271, SortExportsSeekfreeConstructor=0.063282, SortExportsSeekfreeInner=1.213070, SortExportsSeekfree=0.003662, BuildDependencyMap=0.017654, SerializeImportMap=0.011660, SerializeExportMap=0.015654, SerializeDependencyMap=0.001997, SerializeStringAssetReferenceMap=0.001665, SaveThumbNailsAssetRegistryDataWorldLevelInfo=9.121660, SerializeExports=2.905771, SerializeBulkData=0.063282, MoveFile=4.861932, UnaccountedTime=0.102587, RunGuid=RunID878AAFA54E37BAC47FE9B8B2DA1D48AF
SavePackageTransactionIdBF2495EE4DF4CB2893DDAC92B50AD731_16, Filename=../../../../../../Users/Ross/documents/Unreal Projects/LipSyncExample/Content/ThirdPersonBP/eyes.uasset, AutoPackageBackupDelegate=4.406951, FlushAsyncLoading=0.008658, FlushStreamingFunc=0.060286, BlockTillAllRequestsFinished=0.006996, ResetLoadersForSaveUnMarkAllObjects=0.298105, TagPackageExports=0.042967, BeginCacheForCookedPlatformData=0.002328, SerializeImports=0.487294, GatherLocalizableTextData=0.169538, MarkNames=0.006992, SerializeSummary=0.011656, SerializeNames=0.060622, SerializeGatherableTextData=0.001665, BuildExportMap=0.019319, SortExportsNonSeekfree=0.007994, SortExportsSeekfreeConstructor=0.008993, SortExportsSeekfreeInner=0.722110, SortExportsSeekfree=0.003997, BuildDependencyMap=0.008326, SerializeImportMap=0.006992, SerializeExportMap=0.004996, SerializeDependencyMap=0.001330, SerializeStringAssetReferenceMap=0.001334, SaveThumbNailsAssetRegistryDataWorldLevelInfo=0.187188, SerializeExports=0.194520, SerializeBulkData=0.033975, MoveFile=4.371312, UnaccountedTime=0.099257, RunGuid=RunID878AAFA54E37BAC47FE9B8B2DA1D48AF
SavePackageTransactionIdBF2495EE4DF4CB2893DDAC92B50AD731_17, Filename=../../../../../../Users/Ross/documents/Unreal Projects/LipSyncExample/Content/ThirdPersonBP/Girlhead_Diffuse.uasset, AutoPackageBackupDelegate=0.073612, FlushAsyncLoading=0.003997, FlushStreamingFunc=0.100922, BlockTillAllRequestsFinished=0.006661, ResetLoadersForSaveUnMarkAllObjects=0.192519, TagPackageExports=0.033643, BeginCacheForCookedPlatformData=0.001997, SerializeImports=0.441659, GatherLocalizableTextData=0.065286, MarkNames=0.004996, SerializeSummary=0.010658, SerializeNames=0.024982, SerializeGatherableTextData=0.001665, BuildExportMap=0.015322, SortExportsNonSeekfree=0.005994, SortExportsSeekfreeConstructor=0.008993, SortExportsSeekfreeInner=0.149887, SortExportsSeekfree=0.002995, BuildDependencyMap=0.006996, SerializeImportMap=0.017319, SerializeExportMap=0.006996, SerializeDependencyMap=0.001334, SerializeStringAssetReferenceMap=0.001665, SaveThumbNailsAssetRegistryDataWorldLevelInfo=10.389686, SerializeExports=0.126902, SerializeBulkData=90.363602, MoveFile=4.090190, UnaccountedTime=0.989240, RunGuid=RunID878AAFA54E37BAC47FE9B8B2DA1D48AF
SavePackageTransactionIdBF2495EE4DF4CB2893DDAC92B50AD731_18, Filename=../../../../../../Users/Ross/documents/Unreal Projects/LipSyncExample/Content/ThirdPersonBP/Mat_Girlhead.uasset, AutoPackageBackupDelegate=4.564494, FlushAsyncLoading=0.006329, FlushStreamingFunc=0.133898, BlockTillAllRequestsFinished=0.006326, ResetLoadersForSaveUnMarkAllObjects=0.276458, TagPackageExports=0.041299, BeginCacheForCookedPlatformData=0.001665, SerializeImports=0.496287, GatherLocalizableTextData=0.349399, MarkNames=0.006992, SerializeSummary=0.010662, SerializeNames=0.034306, SerializeGatherableTextData=0.004664, BuildExportMap=0.020649, SortExportsNonSeekfree=0.008326, SortExportsSeekfreeConstructor=0.063617, SortExportsSeekfreeInner=0.539921, SortExportsSeekfree=0.003662, BuildDependencyMap=0.008993, SerializeImportMap=0.006661, SerializeExportMap=0.004664, SerializeDependencyMap=0.001334, SerializeStringAssetReferenceMap=0.001665, SaveThumbNailsAssetRegistryDataWorldLevelInfo=0.184860, SerializeExports=0.138558, SerializeBulkData=0.006329, MoveFile=4.776664, UnaccountedTime=0.114579, RunGuid=RunID878AAFA54E37BAC47FE9B8B2DA1D48AF
SavePackageTransactionIdBF2495EE4DF4CB2893DDAC92B50AD731_19, Filename=../../../../../../Users/Ross/documents/Unreal Projects/LipSyncExample/Content/ThirdPersonBP/Meshes/head-girl.uasset, AutoPackageBackupDelegate=0.097927, FlushAsyncLoading=0.004996, FlushStreamingFunc=0.081938, BlockTillAllRequestsFinished=0.006661, ResetLoadersForSaveUnMarkAllObjects=0.189856, TagPackageExports=0.626519, BeginCacheForCookedPlatformData=0.002332, SerializeImports=1.098491, GatherLocalizableTextData=0.176195, MarkNames=0.012327, SerializeSummary=0.010990, SerializeNames=0.076942, SerializeGatherableTextData=0.001665, BuildExportMap=0.034306, SortExportsNonSeekfree=0.094596, SortExportsSeekfreeConstructor=0.008993, SortExportsSeekfreeInner=1.282681, SortExportsSeekfree=0.003997, BuildDependencyMap=0.018317, SerializeImportMap=0.007994, SerializeExportMap=0.009991, SerializeDependencyMap=0.063948, SerializeStringAssetReferenceMap=0.004329, SaveThumbNailsAssetRegistryDataWorldLevelInfo=8.648358, SerializeExports=2.407487, SerializeBulkData=0.042301, MoveFile=4.274715, UnaccountedTime=1.313660, RunGuid=RunID878AAFA54E37BAC47FE9B8B2DA1D48AF
SavePackageTransactionIdBF2495EE4DF4CB2893DDAC92B50AD731_20, Filename=../../../../../../Users/Ross/documents/Unreal Projects/LipSyncExample/Content/ThirdPersonBP/Meshes/eyes.uasset, AutoPackageBackupDelegate=0.070278, FlushAsyncLoading=0.003997, FlushStreamingFunc=0.026315, BlockTillAllRequestsFinished=0.003662, ResetLoadersForSaveUnMarkAllObjects=0.137895, TagPackageExports=0.048298, BeginCacheForCookedPlatformData=0.001665, SerializeImports=0.458311, GatherLocalizableTextData=0.172868, MarkNames=0.007328, SerializeSummary=0.010993, SerializeNames=0.059620, SerializeGatherableTextData=0.001665, BuildExportMap=0.023648, SortExportsNonSeekfree=0.009660, SortExportsSeekfreeConstructor=0.008661, SortExportsSeekfreeInner=0.716448, SortExportsSeekfree=0.003997, BuildDependencyMap=0.008993, SerializeImportMap=0.007328, SerializeExportMap=0.005331, SerializeDependencyMap=0.001334, SerializeStringAssetReferenceMap=0.001665, SaveThumbNailsAssetRegistryDataWorldLevelInfo=8.115768, SerializeExports=0.206839, SerializeBulkData=0.033308, MoveFile=3.923651, UnaccountedTime=1.012556, RunGuid=RunID878AAFA54E37BAC47FE9B8B2DA1D48AF
SavePackageTransactionIdBF2495EE4DF4CB2893DDAC92B50AD731_21, Filename=../../../../../../Users/Ross/documents/Unreal Projects/LipSyncExample/Content/ThirdPersonBP/head-girl_PhysicsAsset.uasset, AutoPackageBackupDelegate=1.386270, FlushAsyncLoading=0.005994, FlushStreamingFunc=0.066951, BlockTillAllRequestsFinished=0.005659, ResetLoadersForSaveUnMarkAllObjects=0.256140, TagPackageExports=0.036303, BeginCacheForCookedPlatformData=0.002000, SerializeImports=0.443324, GatherLocalizableTextData=0.198182, MarkNames=0.007994, SerializeSummary=0.011325, SerializeNames=0.038303, SerializeGatherableTextData=0.001334, BuildExportMap=0.012986, SortExportsNonSeekfree=0.009328, SortExportsSeekfreeConstructor=0.063952, SortExportsSeekfreeInner=0.363052, SortExportsSeekfree=0.003334, BuildDependencyMap=0.007659, SerializeImportMap=0.004996, SerializeExportMap=0.004333, SerializeDependencyMap=0.000998, SerializeStringAssetReferenceMap=0.001665, SaveThumbNailsAssetRegistryDataWorldLevelInfo=0.043966, SerializeExports=0.234820, SerializeBulkData=0.006661, MoveFile=3.706820, UnaccountedTime=0.085931, RunGuid=RunID878AAFA54E37BAC47FE9B8B2DA1D48AF
SavePackageTransactionIdBF2495EE4DF4CB2893DDAC92B50AD731_22, Filename=../../../../../../Users/Ross/documents/Unreal Projects/LipSyncExample/Content/ThirdPersonBP/head-girl_Skeleton.uasset, AutoPackageBackupDelegate=3.522962, FlushAsyncLoading=0.006326, FlushStreamingFunc=0.050630, BlockTillAllRequestsFinished=0.005662, ResetLoadersForSaveUnMarkAllObjects=0.258800, TagPackageExports=0.016320, BeginCacheForCookedPlatformData=0.001334, SerializeImports=0.432335, GatherLocalizableTextData=0.029642, MarkNames=0.004664, SerializeSummary=0.008993, SerializeNames=0.019651, SerializeGatherableTextData=0.001334, BuildExportMap=0.008993, SortExportsNonSeekfree=0.002999, SortExportsSeekfreeConstructor=0.010323, SortExportsSeekfreeInner=0.092264, SortExportsSeekfree=0.002999, BuildDependencyMap=0.005327, SerializeImportMap=0.005331, SerializeExportMap=0.003997, SerializeDependencyMap=0.001334, SerializeStringAssetReferenceMap=0.001665, SaveThumbNailsAssetRegistryDataWorldLevelInfo=0.021648, SerializeExports=0.108585, SerializeBulkData=0.006661, MoveFile=3.162570, UnaccountedTime=0.082605, RunGuid=RunID878AAFA54E37BAC47FE9B8B2DA1D48AF
SavePackageTransactionIdBF2495EE4DF4CB2893DDAC92B50AD731_23, Filename=../../../../../../Users/Ross/documents/Unreal Projects/LipSyncExample/Content/ThirdPersonBP/BP_VisemeGen.uasset, AutoPackageBackupDelegate=5.022809, FlushAsyncLoading=0.008993, FlushStreamingFunc=0.063285, BlockTillAllRequestsFinished=0.005994, ResetLoadersForSaveUnMarkAllObjects=0.358060, TagPackageExports=7.230781, BeginCacheForCookedPlatformData=0.002995, SerializeImports=8.222021, GatherLocalizableTextData=5.803540, MarkNames=0.052959, SerializeSummary=0.013992, SerializeNames=0.296105, SerializeGatherableTextData=0.060286, BuildExportMap=0.204176, SortExportsNonSeekfree=0.741098, SortExportsSeekfreeConstructor=0.009995, SortExportsSeekfreeInner=12.425121, SortExportsSeekfree=0.005662, BuildDependencyMap=0.068948, SerializeImportMap=0.017323, SerializeExportMap=0.036303, SerializeDependencyMap=0.008330, SerializeStringAssetReferenceMap=0.001997, SaveThumbNailsAssetRegistryDataWorldLevelInfo=1.034539, SerializeExports=9.206596, SerializeBulkData=0.006992, MoveFile=5.140718, UnaccountedTime=0.167873, RunGuid=RunID878AAFA54E37BAC47FE9B8B2DA1D48AF
SavePackageTransactionIdBF2495EE4DF4CB2893DDAC92B50AD731_24, Filename=../../../../../../Users/Ross/documents/Unreal Projects/LipSyncExample/Content/ThirdPersonBP/BP_VisemeGen.uasset, AutoPackageBackupDelegate=1.002234, FlushAsyncLoading=0.003997, FlushStreamingFunc=0.119906, BlockTillAllRequestsFinished=0.005662, ResetLoadersForSaveUnMarkAllObjects=0.143558, TagPackageExports=11.247359, BeginCacheForCookedPlatformData=0.005998, SerializeImports=8.770265, GatherLocalizableTextData=6.234877, MarkNames=0.053294, SerializeSummary=0.013988, SerializeNames=0.358392, SerializeGatherableTextData=0.060953, BuildExportMap=0.206839, SortExportsNonSeekfree=0.803716, SortExportsSeekfreeConstructor=0.010658, SortExportsSeekfreeInner=13.216517, SortExportsSeekfree=0.005994, BuildDependencyMap=0.070281, SerializeImportMap=0.018321, SerializeExportMap=0.040635, SerializeDependencyMap=0.008661, SerializeStringAssetReferenceMap=0.002332, SaveThumbNailsAssetRegistryDataWorldLevelInfo=0.994902, SerializeExports=9.807799, SerializeBulkData=0.007328, MoveFile=5.219326, UnaccountedTime=0.134230, RunGuid=RunID878AAFA54E37BAC47FE9B8B2DA1D48AF
SavePackageTransactionIdBF2495EE4DF4CB2893DDAC92B50AD731_25, Filename=../../../../../../Users/Ross/documents/Unreal Projects/LipSyncExample/Content/ThirdPersonBP/Textures/Girlhead_Diffuse.uasset, AutoPackageBackupDelegate=0.103254, FlushAsyncLoading=0.004996, FlushStreamingFunc=0.034973, BlockTillAllRequestsFinished=0.004664, ResetLoadersForSaveUnMarkAllObjects=0.248808, TagPackageExports=0.033643, BeginCacheForCookedPlatformData=0.001665, SerializeImports=0.508942, GatherLocalizableTextData=0.063617, MarkNames=0.004664, SerializeSummary=0.009991, SerializeNames=0.024650, SerializeGatherableTextData=0.001665, BuildExportMap=0.014987, SortExportsNonSeekfree=0.005998, SortExportsSeekfreeConstructor=0.008993, SortExportsSeekfreeInner=0.147887, SortExportsSeekfree=0.002995, BuildDependencyMap=0.006996, SerializeImportMap=0.017654, SerializeExportMap=0.006992, SerializeDependencyMap=0.000998, SerializeStringAssetReferenceMap=0.001665, SaveThumbNailsAssetRegistryDataWorldLevelInfo=11.894531, SerializeExports=0.155549, SerializeBulkData=85.815430, MoveFile=4.012589, UnaccountedTime=0.987574, RunGuid=RunID878AAFA54E37BAC47FE9B8B2DA1D48AF
SavePackageTransactionIdBF2495EE4DF4CB2893DDAC92B50AD731_26, Filename=../../../../../../Users/Ross/documents/Unreal Projects/LipSyncExample/Content/ThirdPersonBP/Mat_Girlhead.uasset, AutoPackageBackupDelegate=0.628181, FlushAsyncLoading=0.003330, FlushStreamingFunc=0.055958, BlockTillAllRequestsFinished=0.004333, ResetLoadersForSaveUnMarkAllObjects=0.261463, TagPackageExports=0.034306, BeginCacheForCookedPlatformData=0.001665, SerializeImports=0.445325, GatherLocalizableTextData=0.351064, MarkNames=0.006996, SerializeSummary=0.010323, SerializeNames=0.034306, SerializeGatherableTextData=0.004664, BuildExportMap=0.020985, SortExportsNonSeekfree=0.008326, SortExportsSeekfreeConstructor=0.062954, SortExportsSeekfreeInner=0.518933, SortExportsSeekfree=0.003997, BuildDependencyMap=0.008993, SerializeImportMap=0.006665, SerializeExportMap=0.004660, SerializeDependencyMap=0.001334, SerializeStringAssetReferenceMap=0.001334, SaveThumbNailsAssetRegistryDataWorldLevelInfo=0.177197, SerializeExports=0.139557, SerializeBulkData=0.006329, MoveFile=4.306026, UnaccountedTime=0.085268, RunGuid=RunID878AAFA54E37BAC47FE9B8B2DA1D48AF
SavePackageTransactionIdBF2495EE4DF4CB2893DDAC92B50AD731_27, Filename=../../../../../../Users/Ross/documents/Unreal Projects/LipSyncExample/Content/ThirdPersonBP/Materials/Mat_Girlhead.uasset, AutoPackageBackupDelegate=0.072278, FlushAsyncLoading=0.004329, FlushStreamingFunc=0.085603, BlockTillAllRequestsFinished=0.006992, ResetLoadersForSaveUnMarkAllObjects=0.199847, TagPackageExports=0.042636, BeginCacheForCookedPlatformData=0.001997, SerializeImports=0.453319, GatherLocalizableTextData=0.360392, MarkNames=0.006992, SerializeSummary=0.010658, SerializeNames=0.035308, SerializeGatherableTextData=0.004660, BuildExportMap=0.021320, SortExportsNonSeekfree=0.008326, SortExportsSeekfreeConstructor=0.009324, SortExportsSeekfreeInner=0.499949, SortExportsSeekfree=0.003330, BuildDependencyMap=0.008661, SerializeImportMap=0.006996, SerializeExportMap=0.004996, SerializeDependencyMap=0.001334, SerializeStringAssetReferenceMap=0.001334, SaveThumbNailsAssetRegistryDataWorldLevelInfo=11.378259, SerializeExports=0.147887, SerializeBulkData=0.006329, MoveFile=4.458908, UnaccountedTime=0.919960, RunGuid=RunID878AAFA54E37BAC47FE9B8B2DA1D48AF
SavePackageTransactionIdBF2495EE4DF4CB2893DDAC92B50AD731_28, Filename=../../../../../../Users/Ross/documents/Unreal Projects/LipSyncExample/Content/ThirdPersonBP/Meshes/head-girl.uasset, AutoPackageBackupDelegate=0.618193, FlushAsyncLoading=0.003330, FlushStreamingFunc=0.079602, BlockTillAllRequestsFinished=0.005662, ResetLoadersForSaveUnMarkAllObjects=0.299439, TagPackageExports=0.622857, BeginCacheForCookedPlatformData=0.001997, SerializeImports=1.085501, GatherLocalizableTextData=0.171866, MarkNames=0.011992, SerializeSummary=0.010990, SerializeNames=0.077609, SerializeGatherableTextData=0.001334, BuildExportMap=0.033971, SortExportsNonSeekfree=0.094261, SortExportsSeekfreeConstructor=0.063621, SortExportsSeekfreeInner=1.219064, SortExportsSeekfree=0.003662, BuildDependencyMap=0.017654, SerializeImportMap=0.007331, SerializeExportMap=0.009656, SerializeDependencyMap=0.062287, SerializeStringAssetReferenceMap=0.004664, SaveThumbNailsAssetRegistryDataWorldLevelInfo=0.211835, SerializeExports=2.381839, SerializeBulkData=0.042632, MoveFile=3.934979, UnaccountedTime=0.095926, RunGuid=RunID878AAFA54E37BAC47FE9B8B2DA1D48AF
SavePackageTransactionIdBF2495EE4DF4CB2893DDAC92B50AD731_29, Filename=../../../../../../Users/Ross/documents/Unreal Projects/LipSyncExample/Content/ThirdPersonBP/Meshes/eyes.uasset, AutoPackageBackupDelegate=0.617195, FlushAsyncLoading=0.002995, FlushStreamingFunc=0.061288, BlockTillAllRequestsFinished=0.005662, ResetLoadersForSaveUnMarkAllObjects=0.253137, TagPackageExports=0.046629, BeginCacheForCookedPlatformData=0.001997, SerializeImports=0.450987, GatherLocalizableTextData=0.169206, MarkNames=0.007328, SerializeSummary=0.011325, SerializeNames=0.060618, SerializeGatherableTextData=0.001665, BuildExportMap=0.023317, SortExportsNonSeekfree=0.009324, SortExportsSeekfreeConstructor=0.008661, SortExportsSeekfreeInner=0.711787, SortExportsSeekfree=0.003997, BuildDependencyMap=0.008993, SerializeImportMap=0.008661, SerializeExportMap=0.004996, SerializeDependencyMap=0.001334, SerializeStringAssetReferenceMap=0.001665, SaveThumbNailsAssetRegistryDataWorldLevelInfo=0.161543, SerializeExports=0.208173, SerializeBulkData=0.035305, MoveFile=4.243076, UnaccountedTime=0.112914, RunGuid=RunID878AAFA54E37BAC47FE9B8B2DA1D48AF
SavePackageTransactionIdBF2495EE4DF4CB2893DDAC92B50AD731_30, Filename=../../../../../../Users/Ross/documents/Unreal Projects/LipSyncExample/Content/ThirdPersonBP/Blueprints/BP_VisemeGen.uasset, AutoPackageBackupDelegate=0.072945, FlushAsyncLoading=0.004329, FlushStreamingFunc=0.027314, BlockTillAllRequestsFinished=0.003662, ResetLoadersForSaveUnMarkAllObjects=0.180196, TagPackageExports=7.098884, BeginCacheForCookedPlatformData=0.003662, SerializeImports=8.150410, GatherLocalizableTextData=5.803209, MarkNames=0.052959, SerializeSummary=0.013657, SerializeNames=0.345066, SerializeGatherableTextData=0.072613, BuildExportMap=0.207838, SortExportsNonSeekfree=0.836693, SortExportsSeekfreeConstructor=0.010327, SortExportsSeekfreeInner=12.816157, SortExportsSeekfree=0.005327, BuildDependencyMap=0.069946, SerializeImportMap=0.018321, SerializeExportMap=0.036638, SerializeDependencyMap=0.012990, SerializeStringAssetReferenceMap=0.002664, SaveThumbNailsAssetRegistryDataWorldLevelInfo=9.106007, SerializeExports=9.473726, SerializeBulkData=0.006992, MoveFile=4.890244, UnaccountedTime=1.106150, RunGuid=RunID878AAFA54E37BAC47FE9B8B2DA1D48AF
SavePackageTransactionIdBF2495EE4DF4CB2893DDAC92B50AD731_31, Filename=../../../../../../Users/Ross/documents/Unreal Projects/LipSyncExample/Content/ThirdPersonBP/Blueprints/head-girl_PhysicsAsset.uasset, AutoPackageBackupDelegate=0.070278, FlushAsyncLoading=0.004329, FlushStreamingFunc=0.120908, BlockTillAllRequestsFinished=0.006996, ResetLoadersForSaveUnMarkAllObjects=0.154212, TagPackageExports=0.040971, BeginCacheForCookedPlatformData=0.001665, SerializeImports=0.475634, GatherLocalizableTextData=0.198182, MarkNames=0.007994, SerializeSummary=0.010658, SerializeNames=0.040635, SerializeGatherableTextData=0.001334, BuildExportMap=0.016984, SortExportsNonSeekfree=0.011325, SortExportsSeekfreeConstructor=0.008993, SortExportsSeekfreeInner=0.378046, SortExportsSeekfree=0.003330, BuildDependencyMap=0.008658, SerializeImportMap=0.005331, SerializeExportMap=0.005662, SerializeDependencyMap=0.001334, SerializeStringAssetReferenceMap=0.001997, SaveThumbNailsAssetRegistryDataWorldLevelInfo=0.050295, SerializeExports=0.243146, SerializeBulkData=0.006661, MoveFile=3.613226, UnaccountedTime=1.042198, RunGuid=RunID878AAFA54E37BAC47FE9B8B2DA1D48AF
SavePackageTransactionIdBF2495EE4DF4CB2893DDAC92B50AD731_32, Filename=../../../../../../Users/Ross/documents/Unreal Projects/LipSyncExample/Content/ThirdPersonBP/Blueprints/head-girl_Skeleton.uasset, AutoPackageBackupDelegate=0.072610, FlushAsyncLoading=0.003997, FlushStreamingFunc=0.097260, BlockTillAllRequestsFinished=0.006661, ResetLoadersForSaveUnMarkAllObjects=0.151217, TagPackageExports=0.020985, BeginCacheForCookedPlatformData=0.001330, SerializeImports=0.440329, GatherLocalizableTextData=0.031974, MarkNames=0.005998, SerializeSummary=0.009991, SerializeNames=0.020985, SerializeGatherableTextData=0.001334, BuildExportMap=0.011656, SortExportsNonSeekfree=0.004996, SortExportsSeekfreeConstructor=0.009991, SortExportsSeekfreeInner=0.096593, SortExportsSeekfree=0.002999, BuildDependencyMap=0.005994, SerializeImportMap=0.005662, SerializeExportMap=0.003994, SerializeDependencyMap=0.001334, SerializeStringAssetReferenceMap=0.002000, SaveThumbNailsAssetRegistryDataWorldLevelInfo=0.028308, SerializeExports=0.108920, SerializeBulkData=0.006661, MoveFile=3.433365, UnaccountedTime=0.965260, RunGuid=RunID878AAFA54E37BAC47FE9B8B2DA1D48AF
SavePackageTransactionIdBF2495EE4DF4CB2893DDAC92B50AD731_33, Filename=../../../../../../Users/Ross/documents/Unreal Projects/LipSyncExample/Content/ThirdPersonBP/VisemeGen.uasset, AutoPackageBackupDelegate=0.621188, FlushAsyncLoading=0.003330, FlushStreamingFunc=0.056624, BlockTillAllRequestsFinished=0.004329, ResetLoadersForSaveUnMarkAllObjects=0.251476, TagPackageExports=0.013653, BeginCacheForCookedPlatformData=0.001334, SerializeImports=0.404358, GatherLocalizableTextData=0.016652, MarkNames=0.006661, SerializeSummary=0.009995, SerializeNames=0.016984, SerializeGatherableTextData=0.001334, BuildExportMap=0.017323, SortExportsNonSeekfree=0.008993, SortExportsSeekfreeConstructor=0.066947, SortExportsSeekfreeInner=1.236383, SortExportsSeekfree=0.003330, BuildDependencyMap=0.008330, SerializeImportMap=0.067614, SerializeExportMap=0.024647, SerializeDependencyMap=0.001334, SerializeStringAssetReferenceMap=0.001665, SaveThumbNailsAssetRegistryDataWorldLevelInfo=0.041634, SerializeExports=0.007994, SerializeBulkData=0.003997, MoveFile=3.482658, UnaccountedTime=0.099257, RunGuid=RunID878AAFA54E37BAC47FE9B8B2DA1D48AF
SavePackageTransactionIdBF2495EE4DF4CB2893DDAC92B50AD731_34, Filename=../../../../../../Users/Ross/documents/Unreal Projects/LipSyncExample/Content/ThirdPersonBP/Meshes/head-girl.uasset, AutoPackageBackupDelegate=0.645503, FlushAsyncLoading=0.003330, FlushStreamingFunc=0.055622, BlockTillAllRequestsFinished=0.005998, ResetLoadersForSaveUnMarkAllObjects=0.304099, TagPackageExports=0.616193, BeginCacheForCookedPlatformData=0.001997, SerializeImports=1.138460, GatherLocalizableTextData=0.172868, MarkNames=0.011992, SerializeSummary=0.011321, SerializeNames=0.077609, SerializeGatherableTextData=0.001665, BuildExportMap=0.034641, SortExportsNonSeekfree=0.093259, SortExportsSeekfreeConstructor=0.008993, SortExportsSeekfreeInner=1.225062, SortExportsSeekfree=0.003662, BuildDependencyMap=0.017654, SerializeImportMap=0.007659, SerializeExportMap=0.009328, SerializeDependencyMap=0.064615, SerializeStringAssetReferenceMap=0.004329, SaveThumbNailsAssetRegistryDataWorldLevelInfo=0.208508, SerializeExports=2.355192, SerializeBulkData=0.042301, MoveFile=3.723472, UnaccountedTime=0.093929, RunGuid=RunID878AAFA54E37BAC47FE9B8B2DA1D48AF
SavePackageTransactionIdBF2495EE4DF4CB2893DDAC92B50AD731_35, Filename=../../../../../../Users/Ross/documents/Unreal Projects/LipSyncExample/Content/ThirdPersonBP/Meshes/head-girl.uasset, AutoPackageBackupDelegate=0.638179, FlushAsyncLoading=0.002995, FlushStreamingFunc=0.062287, BlockTillAllRequestsFinished=0.006329, ResetLoadersForSaveUnMarkAllObjects=0.144552, TagPackageExports=0.631515, BeginCacheForCookedPlatformData=0.002332, SerializeImports=1.092825, GatherLocalizableTextData=0.172868, MarkNames=0.011992, SerializeSummary=0.011656, SerializeNames=0.077605, SerializeGatherableTextData=0.001334, BuildExportMap=0.034306, SortExportsNonSeekfree=0.093263, SortExportsSeekfreeConstructor=0.008993, SortExportsSeekfreeInner=1.229391, SortExportsSeekfree=0.003997, BuildDependencyMap=0.017650, SerializeImportMap=0.007994, SerializeExportMap=0.009328, SerializeDependencyMap=0.069946, SerializeStringAssetReferenceMap=0.004664, SaveThumbNailsAssetRegistryDataWorldLevelInfo=0.208173, SerializeExports=2.363853, SerializeBulkData=0.044629, MoveFile=3.763109, UnaccountedTime=0.094261, RunGuid=RunID878AAFA54E37BAC47FE9B8B2DA1D48AF
SavePackageTransactionIdBF2495EE4DF4CB2893DDAC92B50AD731_36, Filename=../../../../../../Users/Ross/documents/Unreal Projects/LipSyncExample/Content/LipSync/Blueprints/BP_VisemeGen.uasset, AutoPackageBackupDelegate=0.073276, FlushAsyncLoading=0.003997, FlushStreamingFunc=0.080604, BlockTillAllRequestsFinished=0.006329, ResetLoadersForSaveUnMarkAllObjects=0.195518, TagPackageExports=6.939672, BeginCacheForCookedPlatformData=0.002664, SerializeImports=8.017841, GatherLocalizableTextData=5.735930, MarkNames=0.053957, SerializeSummary=0.013657, SerializeNames=0.293110, SerializeGatherableTextData=0.060953, BuildExportMap=0.202842, SortExportsNonSeekfree=0.809047, SortExportsSeekfreeConstructor=0.010658, SortExportsSeekfreeInner=12.315873, SortExportsSeekfree=0.005998, BuildDependencyMap=0.070609, SerializeImportMap=0.017650, SerializeExportMap=0.037305, SerializeDependencyMap=0.008330, SerializeStringAssetReferenceMap=0.001997, SaveThumbNailsAssetRegistryDataWorldLevelInfo=8.979772, SerializeExports=9.422429, SerializeBulkData=0.006996, MoveFile=4.982173, UnaccountedTime=1.178097, RunGuid=RunID878AAFA54E37BAC47FE9B8B2DA1D48AF
SavePackageTransactionIdBF2495EE4DF4CB2893DDAC92B50AD731_37, Filename=../../../../../../Users/Ross/documents/Unreal Projects/LipSyncExample/Content/LipSync/Meshes/head-girl.uasset, AutoPackageBackupDelegate=0.091597, FlushAsyncLoading=0.004664, FlushStreamingFunc=0.050291, BlockTillAllRequestsFinished=0.004333, ResetLoadersForSaveUnMarkAllObjects=0.157546, TagPackageExports=0.641506, BeginCacheForCookedPlatformData=0.002332, SerializeImports=1.227390, GatherLocalizableTextData=0.177201, MarkNames=0.012655, SerializeSummary=0.012323, SerializeNames=0.078607, SerializeGatherableTextData=0.001665, BuildExportMap=0.034306, SortExportsNonSeekfree=0.094261, SortExportsSeekfreeConstructor=0.008993, SortExportsSeekfreeInner=1.230389, SortExportsSeekfree=0.004329, BuildDependencyMap=0.018988, SerializeImportMap=0.007994, SerializeExportMap=0.009991, SerializeDependencyMap=0.079606, SerializeStringAssetReferenceMap=0.004664, SaveThumbNailsAssetRegistryDataWorldLevelInfo=8.496474, SerializeExports=2.398156, SerializeBulkData=0.042967, MoveFile=3.807079, UnaccountedTime=1.004562, RunGuid=RunID878AAFA54E37BAC47FE9B8B2DA1D48AF
SavePackageTransactionIdBF2495EE4DF4CB2893DDAC92B50AD731_38, Filename=../../../../../../Users/Ross/documents/Unreal Projects/LipSyncExample/Content/LipSync/Blueprints/head-girl_Skeleton.uasset, AutoPackageBackupDelegate=0.069611, FlushAsyncLoading=0.003997, FlushStreamingFunc=0.089597, BlockTillAllRequestsFinished=0.005662, ResetLoadersForSaveUnMarkAllObjects=0.144556, TagPackageExports=0.020985, BeginCacheForCookedPlatformData=0.001334, SerializeImports=0.414681, GatherLocalizableTextData=0.031307, MarkNames=0.005662, SerializeSummary=0.009995, SerializeNames=0.020649, SerializeGatherableTextData=0.001334, BuildExportMap=0.011992, SortExportsNonSeekfree=0.004660, SortExportsSeekfreeConstructor=0.009995, SortExportsSeekfreeInner=0.095926, SortExportsSeekfree=0.002664, BuildDependencyMap=0.006329, SerializeImportMap=0.005327, SerializeExportMap=0.004333, SerializeDependencyMap=0.001334, SerializeStringAssetReferenceMap=0.001997, SaveThumbNailsAssetRegistryDataWorldLevelInfo=0.068281, SerializeExports=0.114914, SerializeBulkData=0.006661, MoveFile=3.402050, UnaccountedTime=1.056522, RunGuid=RunID878AAFA54E37BAC47FE9B8B2DA1D48AF
SavePackageTransactionIdBF2495EE4DF4CB2893DDAC92B50AD731_39, Filename=../../../../../../Users/Ross/documents/Unreal Projects/LipSyncExample/Content/LipSync/Blueprints/head-girl_PhysicsAsset.uasset, AutoPackageBackupDelegate=0.076942, FlushAsyncLoading=0.004329, FlushStreamingFunc=0.063952, BlockTillAllRequestsFinished=0.005994, ResetLoadersForSaveUnMarkAllObjects=0.148553, TagPackageExports=0.041302, BeginCacheForCookedPlatformData=0.001665, SerializeImports=0.456315, GatherLocalizableTextData=0.198849, MarkNames=0.007994, SerializeSummary=0.010658, SerializeNames=0.040967, SerializeGatherableTextData=0.001334, BuildExportMap=0.016987, SortExportsNonSeekfree=0.010990, SortExportsSeekfreeConstructor=0.008993, SortExportsSeekfreeInner=0.376381, SortExportsSeekfree=0.003330, BuildDependencyMap=0.008326, SerializeImportMap=0.005331, SerializeExportMap=0.004996, SerializeDependencyMap=0.001669, SerializeStringAssetReferenceMap=0.001661, SaveThumbNailsAssetRegistryDataWorldLevelInfo=0.048965, SerializeExports=0.243813, SerializeBulkData=0.006326, MoveFile=3.419377, UnaccountedTime=0.897311, RunGuid=RunID878AAFA54E37BAC47FE9B8B2DA1D48AF
SavePackageTransactionIdBF2495EE4DF4CB2893DDAC92B50AD731_40, Filename=../../../../../../Users/Ross/documents/Unreal Projects/LipSyncExample/Content/LipSync/Materials/Mat_Girlhead.uasset, AutoPackageBackupDelegate=0.072945, FlushAsyncLoading=0.003997, FlushStreamingFunc=0.090595, BlockTillAllRequestsFinished=0.006329, ResetLoadersForSaveUnMarkAllObjects=0.151217, TagPackageExports=0.042301, BeginCacheForCookedPlatformData=0.001665, SerializeImports=0.447989, GatherLocalizableTextData=0.351731, MarkNames=0.006996, SerializeSummary=0.010323, SerializeNames=0.034306, SerializeGatherableTextData=0.004664, BuildExportMap=0.021316, SortExportsNonSeekfree=0.008661, SortExportsSeekfreeConstructor=0.008993, SortExportsSeekfreeInner=0.502281, SortExportsSeekfree=0.003666, BuildDependencyMap=0.007991, SerializeImportMap=0.009995, SerializeExportMap=0.007659, SerializeDependencyMap=0.001330, SerializeStringAssetReferenceMap=0.001334, SaveThumbNailsAssetRegistryDataWorldLevelInfo=15.277598, SerializeExports=0.220500, SerializeBulkData=0.006992, MoveFile=4.484557, UnaccountedTime=1.125470, RunGuid=RunID878AAFA54E37BAC47FE9B8B2DA1D48AF
SavePackageTransactionIdBF2495EE4DF4CB2893DDAC92B50AD731_41, Filename=../../../../../../Users/Ross/documents/Unreal Projects/LipSyncExample/Content/LipSync/Textures/Girlhead_Diffuse.uasset, AutoPackageBackupDelegate=0.073943, FlushAsyncLoading=0.003997, FlushStreamingFunc=0.187855, BlockTillAllRequestsFinished=0.006329, ResetLoadersForSaveUnMarkAllObjects=0.154547, TagPackageExports=0.032976, BeginCacheForCookedPlatformData=0.001330, SerializeImports=0.429671, GatherLocalizableTextData=0.063948, MarkNames=0.004999, SerializeSummary=0.010323, SerializeNames=0.024982, SerializeGatherableTextData=0.001334, BuildExportMap=0.016652, SortExportsNonSeekfree=0.005998, SortExportsSeekfreeConstructor=0.009324, SortExportsSeekfreeInner=0.147555, SortExportsSeekfree=0.003330, BuildDependencyMap=0.006992, SerializeImportMap=0.017319, SerializeExportMap=0.006996, SerializeDependencyMap=0.001334, SerializeStringAssetReferenceMap=0.001665, SaveThumbNailsAssetRegistryDataWorldLevelInfo=10.606520, SerializeExports=0.164207, SerializeBulkData=76.758385, MoveFile=3.763441, UnaccountedTime=0.996567, RunGuid=RunID878AAFA54E37BAC47FE9B8B2DA1D48AF
SavePackageTransactionIdBF2495EE4DF4CB2893DDAC92B50AD731_42, Filename=../../../../../../Users/Ross/documents/Unreal Projects/LipSyncExample/Content/LipSync/Meshes/eyes.uasset, AutoPackageBackupDelegate=0.071947, FlushAsyncLoading=0.003997, FlushStreamingFunc=0.070944, BlockTillAllRequestsFinished=0.004329, ResetLoadersForSaveUnMarkAllObjects=0.139229, TagPackageExports=0.048961, BeginCacheForCookedPlatformData=0.001665, SerializeImports=0.481963, GatherLocalizableTextData=0.178531, MarkNames=0.008326, SerializeSummary=0.011656, SerializeNames=0.059955, SerializeGatherableTextData=0.001334, BuildExportMap=0.023980, SortExportsNonSeekfree=0.009995, SortExportsSeekfreeConstructor=0.052623, SortExportsSeekfreeInner=0.718448, SortExportsSeekfree=0.003666, BuildDependencyMap=0.008993, SerializeImportMap=0.007659, SerializeExportMap=0.005331, SerializeDependencyMap=0.001334, SerializeStringAssetReferenceMap=0.001665, SaveThumbNailsAssetRegistryDataWorldLevelInfo=8.617382, SerializeExports=0.208508, SerializeBulkData=0.034306, MoveFile=3.901336, UnaccountedTime=1.052525, RunGuid=RunID878AAFA54E37BAC47FE9B8B2DA1D48AF
SavePackageTransactionIdBF2495EE4DF4CB2893DDAC92B50AD731_43, Filename=../../../../../../Users/Ross/documents/Unreal Projects/LipSyncExample/Content/LipSync/VisemeGen.uasset, AutoPackageBackupDelegate=0.068616, FlushAsyncLoading=0.003662, FlushStreamingFunc=0.121575, BlockTillAllRequestsFinished=0.006326, ResetLoadersForSaveUnMarkAllObjects=0.148889, TagPackageExports=0.012323, BeginCacheForCookedPlatformData=0.000998, SerializeImports=0.405025, GatherLocalizableTextData=0.013988, MarkNames=0.004996, SerializeSummary=0.009991, SerializeNames=0.013325, SerializeGatherableTextData=0.001330, BuildExportMap=0.013657, SortExportsNonSeekfree=0.004664, SortExportsSeekfreeConstructor=0.009660, SortExportsSeekfreeInner=0.154547, SortExportsSeekfree=0.002332, BuildDependencyMap=0.006329, SerializeImportMap=0.062287, SerializeExportMap=0.024315, SerializeDependencyMap=0.001330, SerializeStringAssetReferenceMap=0.001334, SaveThumbNailsAssetRegistryDataWorldLevelInfo=0.024315, SerializeExports=0.006661, SerializeBulkData=0.004329, MoveFile=3.303461, UnaccountedTime=1.185756, RunGuid=RunID878AAFA54E37BAC47FE9B8B2DA1D48AF
SavePackageTransactionIdBF2495EE4DF4CB2893DDAC92B50AD731_44, Filename=../../../../../../Users/Ross/documents/Unreal Projects/LipSyncExample/Content/ThirdPersonBP/VisemeGen.uasset, AutoPackageBackupDelegate=0.616860, FlushAsyncLoading=0.002999, FlushStreamingFunc=0.067614, BlockTillAllRequestsFinished=0.006329, ResetLoadersForSaveUnMarkAllObjects=0.148218, TagPackageExports=0.013657, BeginCacheForCookedPlatformData=0.001334, SerializeImports=0.445988, GatherLocalizableTextData=0.016987, MarkNames=0.006329, SerializeSummary=0.010327, SerializeNames=0.013657, SerializeGatherableTextData=0.001330, BuildExportMap=0.022650, SortExportsNonSeekfree=0.009328, SortExportsSeekfreeConstructor=0.010658, SortExportsSeekfreeInner=0.023980, SortExportsSeekfree=0.002332, BuildDependencyMap=0.007328, SerializeImportMap=0.062618, SerializeExportMap=0.022314, SerializeDependencyMap=0.001330, SerializeStringAssetReferenceMap=0.001669, SaveThumbNailsAssetRegistryDataWorldLevelInfo=0.038635, SerializeExports=0.006996, SerializeBulkData=0.004329, MoveFile=3.652532, UnaccountedTime=0.965592, RunGuid=RunID878AAFA54E37BAC47FE9B8B2DA1D48AF
SavePackageTransactionIdBF2495EE4DF4CB2893DDAC92B50AD731_45, Filename=../../../../../../Users/Ross/documents/Unreal Projects/LipSyncExample/Content/LipSync/Default__VisemeGen_C.uasset, AutoPackageBackupDelegate=0.067282, FlushAsyncLoading=0.003997, FlushStreamingFunc=0.096925, BlockTillAllRequestsFinished=0.006661, ResetLoadersForSaveUnMarkAllObjects=0.154883, TagPackageExports=0.012323, BeginCacheForCookedPlatformData=0.000998, SerializeImports=0.414349, GatherLocalizableTextData=0.013988, MarkNames=0.004996, SerializeSummary=0.010327, SerializeNames=0.012655, SerializeGatherableTextData=0.001334, BuildExportMap=0.013988, SortExportsNonSeekfree=0.004664, SortExportsSeekfreeConstructor=0.009991, SortExportsSeekfreeInner=1.221731, SortExportsSeekfree=0.002995, BuildDependencyMap=0.006996, SerializeImportMap=0.063285, SerializeExportMap=0.024315, SerializeDependencyMap=0.001334, SerializeStringAssetReferenceMap=0.001334, SaveThumbNailsAssetRegistryDataWorldLevelInfo=0.031307, SerializeExports=0.007328, SerializeBulkData=0.003997, MoveFile=3.224526, UnaccountedTime=0.964925, RunGuid=RunID878AAFA54E37BAC47FE9B8B2DA1D48AF
SavePackageTransactionIdBF2495EE4DF4CB2893DDAC92B50AD731_46, Filename=../../../../../../Users/Ross/documents/Unreal Projects/LipSyncExample/Content/LipSync/VisemeGen_C.uasset, AutoPackageBackupDelegate=0.065949, FlushAsyncLoading=0.003997, FlushStreamingFunc=0.103921, BlockTillAllRequestsFinished=0.004664, ResetLoadersForSaveUnMarkAllObjects=0.139892, TagPackageExports=0.012323, BeginCacheForCookedPlatformData=0.001002, SerializeImports=0.408351, GatherLocalizableTextData=0.014320, MarkNames=0.004999, SerializeSummary=0.010323, SerializeNames=0.012990, SerializeGatherableTextData=0.001334, BuildExportMap=0.013988, SortExportsNonSeekfree=0.004664, SortExportsSeekfreeConstructor=0.012323, SortExportsSeekfreeInner=1.259368, SortExportsSeekfree=0.003330, BuildDependencyMap=0.006992, SerializeImportMap=0.062954, SerializeExportMap=0.023980, SerializeDependencyMap=0.001334, SerializeStringAssetReferenceMap=0.001665, SaveThumbNailsAssetRegistryDataWorldLevelInfo=0.024647, SerializeExports=0.006996, SerializeBulkData=0.004329, MoveFile=3.363416, UnaccountedTime=1.062185, RunGuid=RunID878AAFA54E37BAC47FE9B8B2DA1D48AF
SavePackageTransactionIdBF2495EE4DF4CB2893DDAC92B50AD731_47, Filename=../../../../../../Users/Ross/documents/Unreal Projects/LipSyncExample/Content/LipSyncMap.umap, AutoPackageBackupDelegate=0.812042, FlushAsyncLoading=0.003330, FlushStreamingFunc=0.050962, BlockTillAllRequestsFinished=0.005994, ResetLoadersForSaveUnMarkAllObjects=0.188522, TagPackageExports=0.249807, BeginCacheForCookedPlatformData=0.002664, SerializeImports=0.829697, GatherLocalizableTextData=3.008690, MarkNames=0.024982, SerializeSummary=0.012323, SerializeNames=0.127900, SerializeGatherableTextData=0.080604, BuildExportMap=0.095263, SortExportsNonSeekfree=0.048961, SortExportsSeekfreeConstructor=0.064950, SortExportsSeekfreeInner=9.704545, SortExportsSeekfree=0.004664, BuildDependencyMap=0.028979, SerializeImportMap=0.011660, SerializeExportMap=0.008658, SerializeDependencyMap=0.002332, SerializeStringAssetReferenceMap=0.001665, SaveThumbNailsAssetRegistryDataWorldLevelInfo=0.440329, SerializeExports=0.812042, SerializeBulkData=0.006661, MoveFile=3.791422, UnaccountedTime=0.978917, RunGuid=RunID878AAFA54E37BAC47FE9B8B2DA1D48AF
